{"loss": [0.4877910315990448, 0.32258424162864685, 0.25337061285972595, 0.21255095303058624, 0.18584665656089783, 0.16900542378425598, 0.1553466022014618, 0.1381225287914276, 0.12931473553180695, 0.11808034032583237, 0.11288946866989136, 0.10909487307071686, 0.09473422169685364, 0.09136015921831131, 0.08971940726041794], "accuracy": [0.756845235824585, 0.8636904954910278, 0.9008928537368774, 0.9142857193946838, 0.9232142567634583, 0.9348214268684387, 0.9392856955528259, 0.9431547522544861, 0.949404776096344, 0.9532738327980042, 0.9520833492279053, 0.9538690447807312, 0.9604166746139526, 0.9663690328598022, 0.9616071581840515], "val_loss": [0.3384861648082733, 0.25983020663261414, 0.21773593127727509, 0.18159659206867218, 0.20678912103176117, 0.1852061003446579, 0.1401035040616989, 0.1508299559354782, 0.18608258664608002, 0.15881092846393585, 0.15400122106075287, 0.15775355696678162, 0.16168458759784698, 0.1776818037033081, 0.16546963155269623], "val_accuracy": [0.8595238327980042, 0.8964285850524902, 0.9071428775787354, 0.9321428537368774, 0.9202380776405334, 0.9178571701049805, 0.9428571462631226, 0.936904788017273, 0.936904788017273, 0.9404761791229248, 0.9464285969734192, 0.949999988079071, 0.9476190209388733, 0.9309523701667786, 0.949999988079071]}