{"loss": [0.41842108964920044, 0.2589022219181061, 0.21462203562259674, 0.17683689296245575, 0.16181346774101257, 0.1354743391275406, 0.12368955463171005, 0.10413861274719238, 0.10314780473709106, 0.09402881562709808, 0.08171340823173523, 0.08416686952114105, 0.0765722244977951, 0.07306848466396332, 0.0619669035077095], "accuracy": [0.7979838848114014, 0.8887096643447876, 0.9090725779533386, 0.9268144965171814, 0.9356854557991028, 0.948387086391449, 0.9520161151885986, 0.9586693644523621, 0.9574596881866455, 0.9635080695152283, 0.9691532254219055, 0.9669354557991028, 0.9691532254219055, 0.9703629016876221, 0.9760080575942993], "val_loss": [0.2815590798854828, 0.23642337322235107, 0.1798364222049713, 0.1757831871509552, 0.1490272581577301, 0.14715492725372314, 0.15498581528663635, 0.1426873654127121, 0.15199357271194458, 0.12787608802318573, 0.13985875248908997, 0.12556838989257812, 0.1272582709789276, 0.14946651458740234, 0.12944141030311584], "val_accuracy": [0.8790322542190552, 0.9032257795333862, 0.92580646276474, 0.9314516186714172, 0.9411290287971497, 0.948387086391449, 0.9370967745780945, 0.9459677338600159, 0.9419354796409607, 0.949999988079071, 0.9443548321723938, 0.94919353723526, 0.9524193406105042, 0.9427419304847717, 0.9419354796409607]}