{"loss": [0.40170004963874817, 0.24061954021453857, 0.19178321957588196, 0.15731129050254822, 0.13804538547992706, 0.11753649264574051, 0.10627532750368118, 0.09925124794244766, 0.0948789119720459, 0.08575564622879028, 0.08192721009254456, 0.06727413833141327, 0.06439536809921265, 0.053764116019010544, 0.04593037813901901], "accuracy": [0.8145161271095276, 0.8989919424057007, 0.9227822422981262, 0.938306450843811, 0.946169376373291, 0.9530242085456848, 0.959274172782898, 0.9620967507362366, 0.9633064270019531, 0.9665322303771973, 0.9673386812210083, 0.9739919304847717, 0.9743951559066772, 0.9798387289047241, 0.98044353723526], "val_loss": [0.2926277816295624, 0.2452668696641922, 0.1954008936882019, 0.19620570540428162, 0.15734368562698364, 0.14698198437690735, 0.14120739698410034, 0.19159051775932312, 0.14916563034057617, 0.13481539487838745, 0.12643910944461823, 0.146897554397583, 0.12473449856042862, 0.13602647185325623, 0.12199420481920242], "val_accuracy": [0.8685483932495117, 0.8943548202514648, 0.9282258152961731, 0.9145161509513855, 0.9395161271095276, 0.9459677338600159, 0.948387086391449, 0.9387096762657166, 0.9403225779533386, 0.9459677338600159, 0.948387086391449, 0.9467741847038269, 0.9572580456733704, 0.9564515948295593, 0.9540322422981262]}